{
  "_a_0_1426": {
    "x": 0.0,
    "y": 0.0,
    "width": 1314.0625,
    "height": 2597.68335
  },
  "_a_0_1428": {
    "x": 0.0,
    "y": 0.0,
    "width": 1319.53125,
    "height": 2616.06958
  },
  "_a_0_1430": {
    "x": 0.0,
    "y": 0.0,
    "width": 1314.0625,
    "height": 2617.899
  },
  "_a_0_1479": {
    "x": 0.0,
    "y": 0.0,
    "width": 1314.0625,
    "height": 2617.899
  },
  "_a_0_1432": {
    "x": 0.0,
    "y": 0.0,
    "width": 1314.29663,
    "height": 2613.281
  },
  "_a_0_1738": {
    "x": 12.5,
    "y": 956.2,
    "width": 353.90625,
    "height": 232.03125
  },
  "_a_0_1742": {
    "x": 8.134338,
    "y": 962.999939,
    "width": 348.4375,
    "height": 232.8125
  },
  "_a_0_1744": {
    "x": 7.878113,
    "y": 952.399963,
    "width": 343.75,
    "height": 221.875
  },
  "_a_0_1746": {
    "x": 9.059326,
    "y": 943.199951,
    "width": 317.1875,
    "height": 211.71875
  },
  "_a_0_1748": {
    "x": 12.0687256,
    "y": 945.899963,
    "width": 342.96875,
    "height": 188.28125
  },
  "_a_0_1750": {
    "x": 11.6781006,
    "y": 942.699951,
    "width": 343.75,
    "height": 236.71875
  },
  "_a_0_1752": {
    "x": 12.8499756,
    "y": 929.999939,
    "width": 341.40625,
    "height": 183.59375
  },
  "_a_0_1754": {
    "x": 11.5,
    "y": 964.1,
    "width": 328.90625,
    "height": 246.09375
  },
  "_a_0_1757": {
    "x": 13.0343628,
    "y": 948.8,
    "width": 323.4375,
    "height": 273.4375
  },
  "_a_0_1759": {
    "x": 9.625,
    "y": 961.499939,
    "width": 322.65625,
    "height": 232.8125
  },
  "_a_0_1761": {
    "x": 11.3781128,
    "y": 947.999939,
    "width": 343.75,
    "height": 209.375
  },
  "_a_0_1764": {
    "x": 8.678101,
    "y": 946.699951,
    "width": 343.75,
    "height": 209.375
  },
  "_a_0_1766": {
    "x": 8.679101,
    "y": 946.7,
    "width": 341.4063,
    "height": 207.8125
  },
  "_a_0_1768": {
    "x": 7.878113,
    "y": 956.199951,
    "width": 343.75,
    "height": 233.59375
  },
  "_a_0_1770": {
    "x": 8.696838,
    "y": 960.6,
    "width": 320.3125,
    "height": 232.03125
  },
  "_a_0_1772": {
    "x": 8.178101,
    "y": 950.3,
    "width": 343.75,
    "height": 221.875
  },
  "_c_0_4530": {
    "x": 190.0,
    "y": 0.0,
    "width": 1288.07813,
    "height": 2640.625
  },
  "_c_0_4534": {
    "x": 48.97,
    "y": -7.2,
    "width": 1569.53125,
    "height": 2656.52881
  },
  "_c_0_4538": {
    "x": 22.4,
    "y": -7.2,
    "width": 1623.02051,
    "height": 2657.03125
  },
  "_c_0_4542": {
    "x": 132.0,
    "y": 0.0,
    "width": 1404.6875,
    "height": 2648.987
  },
  "_c_0_4630": {
    "x": 22.4,
    "y": -7.2,
    "width": 1623.021,
    "height": 2657.031
  },
  "_c_0_4640": {
    "x": -64.1,
    "y": 987.6,
    "width": 320.3125,
    "height": 285.9375
  },
  "_c_0_4642": {
    "x": -67.19692,
    "y": 988.7999,
    "width": 328.90625,
    "height": 282.8125
  },
  "_c_0_4644": {
    "x": -64.55312,
    "y": 987.6,
    "width": 324.21875,
    "height": 274.21875
  },
  "_c_0_4646": {
    "x": -65.00002,
    "y": 971.399963,
    "width": 320.3125,
    "height": 232.03125
  },
  "_c_0_4648": {
    "x": -62.5937729,
    "y": 992.2999,
    "width": 312.5,
    "height": 254.6875
  },
  "_c_0_4650": {
    "x": -62.5937729,
    "y": 990.2999,
    "width": 312.5,
    "height": 243.75
  },
  "_c_0_4652": {
    "x": -59.3844223,
    "y": 970.1,
    "width": 313.28125,
    "height": 249.21875
  },
  "_c_0_4654": {
    "x": -64.95315,
    "y": 978.699951,
    "width": 299.21875,
    "height": 197.65625
  },
  "_c_0_4656": {
    "x": -59.6500473,
    "y": 992.499939,
    "width": 307.8125,
    "height": 281.25
  },
  "_c_0_4658": {
    "x": -61.9125,
    "y": 982.699951,
    "width": 310.9375,
    "height": 272.65625
  },
  "_c_0_4661": {
    "x": -63.2937851,
    "y": 983.899963,
    "width": 312.5,
    "height": 255.46875
  },
  "_c_0_4663": {
    "x": -60.8844223,
    "y": 973.499939,
    "width": 313.28125,
    "height": 243.75
  },
  "_c_0_4665": {
    "x": -58.2406235,
    "y": 990.399963,
    "width": 308.59375,
    "height": 286.71875
  }
}