{
  "_a_0_1463": {
    "x": 0.0,
    "y": 0.0,
    "width": 928.90625,
    "height": 2486.797
  },
  "_a_0_1465": {
    "x": 31.7,
    "y": -13.8,
    "width": 1106.25,
    "height": 2511.75146
  },
  "_a_0_1467": {
    "x": 30.5,
    "y": -22.0,
    "width": 1025.53174,
    "height": 2530.46875
  },
  "_a_0_1469": {
    "x": 31.1,
    "y": -21.4,
    "width": 1025.53174,
    "height": 2530.46875
  },
  "_a_0_1471": {
    "x": 25.5,
    "y": -14.0,
    "width": 978.90625,
    "height": 2518.59277
  },
  "_a_0_1473": {
    "x": 8.0,
    "y": -11.0,
    "width": 944.53125,
    "height": 2512.20776
  },
  "_a_0_1475": {
    "x": 61.0,
    "y": -8.1,
    "width": 1395.3125,
    "height": 2553.70874
  },
  "_a_0_1526": {
    "x": 28.6,
    "y": 896.5,
    "width": 322.65625,
    "height": 248.4375
  },
  "_a_0_1529": {
    "x": 29.2374516,
    "y": 894.252136,
    "width": 325.78125,
    "height": 242.96875
  },
  "_a_0_1531": {
    "x": 25.7124271,
    "y": 890.0521,
    "width": 307.03125,
    "height": 233.59375
  },
  "_a_0_1533": {
    "x": 28.074976,
    "y": 891.0521,
    "width": 328.90625,
    "height": 240.625
  },
  "_a_0_1535": {
    "x": 33.5843735,
    "y": 882.5521,
    "width": 329.6875,
    "height": 222.65625
  },
  "_a_0_1537": {
    "x": 25.81875,
    "y": 880.752136,
    "width": 324.21875,
    "height": 230.46875
  },
  "_a_0_1539": {
    "x": 19.9311771,
    "y": 869.652161,
    "width": 308.59375,
    "height": 184.375
  },
  "_a_0_1541": {
    "x": 30.0218754,
    "y": 893.8522,
    "width": 307.8125,
    "height": 246.875
  },
  "_a_0_1543": {
    "x": 27.8218021,
    "y": 897.152161,
    "width": 307.8125,
    "height": 271.09375
  },
  "_a_0_1545": {
    "x": 28.199976,
    "y": 890.952148,
    "width": 322.65625,
    "height": 258.59375
  },
  "_a_0_1547": {
    "x": 25.0780277,
    "y": 897.252136,
    "width": 312.5,
    "height": 248.4375
  },
  "_a_0_1549": {
    "x": 25.278101,
    "y": 889.952148,
    "width": 312.5,
    "height": 258.59375
  },
  "_a_0_1551": {
    "x": 28.6186771,
    "y": 890.152161,
    "width": 324.21875,
    "height": 233.59375
  },
  "_a_0_1553": {
    "x": 28.2999516,
    "y": 892.952148,
    "width": 322.65625,
    "height": 242.96875
  },
  "_a_0_1555": {
    "x": 34.3843,
    "y": 903.0521,
    "width": 329.6875,
    "height": 260.9375
  },
  "_a_0_1557": {
    "x": 27.475,
    "y": 892.3522,
    "width": 328.90625,
    "height": 240.625
  },
  "_a_0_1559": {
    "x": 28.7186527,
    "y": 881.252136,
    "width": 324.21875,
    "height": 220.3125
  },
  "_b_0_5460": {
    "x": 61.0,
    "y": 0.0,
    "width": 873.4375,
    "height": 2501.818
  },
  "_b_0_5462": {
    "x": 79.9,
    "y": -8.0,
    "width": 1023.4375,
    "height": 2513.18945
  },
  "_b_0_5464": {
    "x": 35.56321,
    "y": -9.0,
    "width": 1129.364,
    "height": 2514.0625
  },
  "_b_0_5466": {
    "x": 35.56321,
    "y": -9.0,
    "width": 1129.364,
    "height": 2514.0625
  },
  "_b_0_5468": {
    "x": 45.7249527,
    "y": -6.09997559,
    "width": 904.6875,
    "height": 2527.69434
  },
  "_b_0_5470": {
    "x": 99.14646,
    "y": -8.5,
    "width": 1028.33057,
    "height": 2510.15625
  },
  "_b_0_5473": {
    "x": 2.26157379,
    "y": 11.5999756,
    "width": 1385.36084,
    "height": 2546.875
  },
  "_b_0_5522": {
    "x": 39.2,
    "y": 927.0,
    "width": 313.28125,
    "height": 262.5
  },
  "_b_0_5524": {
    "x": 41.1531258,
    "y": 927.0,
    "width": 309.375,
    "height": 244.53125
  },
  "_b_0_5526": {
    "x": 40.05315,
    "y": 930.7,
    "width": 309.375,
    "height": 267.1875
  },
  "_b_0_5528": {
    "x": 39.3532,
    "y": 921.0,
    "width": 309.375,
    "height": 239.84375
  },
  "_b_0_5530": {
    "x": 38.056324,
    "y": 907.4,
    "width": 317.96875,
    "height": 223.4375
  },
  "_b_0_5532": {
    "x": 39.5844,
    "y": 903.3,
    "width": 320.3125,
    "height": 211.71875
  },
  "_b_0_5534": {
    "x": 42.9656258,
    "y": 911.2,
    "width": 318.75,
    "height": 203.125
  },
  "_b_0_5536": {
    "x": 39.8532,
    "y": 933.0,
    "width": 309.375,
    "height": 264.84375
  },
  "_b_0_5538": {
    "x": 40.8532,
    "y": 920.0,
    "width": 309.375,
    "height": 269.53125
  },
  "_b_0_5540": {
    "x": 39.55315,
    "y": 927.8,
    "width": 309.375,
    "height": 267.1875
  },
  "_b_0_5542": {
    "x": 40.1531258,
    "y": 923.9,
    "width": 309.375,
    "height": 264.0625
  },
  "_b_0_5544": {
    "x": 41.056324,
    "y": 905.5,
    "width": 317.96875,
    "height": 211.71875
  },
  "_b_0_5546": {
    "x": 36.056324,
    "y": 916.9,
    "width": 317.96875,
    "height": 244.53125
  },
  "_b_0_5548": {
    "x": 34.6531258,
    "y": 915.6,
    "width": 309.375,
    "height": 246.09375
  },
  "_b_0_5550": {
    "x": 36.85625,
    "y": 926.2,
    "width": 317.96875,
    "height": 262.5
  }
}