{
  "_a_0_1038": {
    "x": 0.0,
    "y": 0.0,
    "width": 1278.148,
    "height": 2490.625
  },
  "_a_0_1077": {
    "x": 56.7,
    "y": 845.8,
    "width": 284.375,
    "height": 251.5625
  },
  "_a_0_1079": {
    "x": 58.571888,
    "y": 840.999939,
    "width": 282.03125,
    "height": 231.25
  },
  "_a_0_1081": {
    "x": 59.2999763,
    "y": 846.199951,
    "width": 284.375,
    "height": 250.0
  },
  "_a_0_1084": {
    "x": 45.1624641,
    "y": 829.199951,
    "width": 281.25,
    "height": 242.96875
  },
  "_a_0_1085": {
    "x": 50.81249,
    "y": 836.0999,
    "width": 268.75,
    "height": 235.9375
  },
  "_a_0_1087": {
    "x": 58.67809,
    "y": 842.399963,
    "width": 274.21875,
    "height": 262.5
  },
  "_a_0_1089": {
    "x": 55.10625,
    "y": 829.499939,
    "width": 276.5625,
    "height": 221.875
  },
  "_a_0_1091": {
    "x": 59.3406258,
    "y": 839.7999,
    "width": 271.09375,
    "height": 264.84375
  },
  "_a_0_1093": {
    "x": 60.46874,
    "y": 842.0999,
    "width": 273.4375,
    "height": 282.03125
  },
  "_a_0_1099": {
    "x": 51.275013,
    "y": 839.7999,
    "width": 290.625,
    "height": 268.75
  },
  "_a_0_1101": {
    "x": 57.2999763,
    "y": 834.699951,
    "width": 284.375,
    "height": 268.75
  },
  "_a_0_1103": {
    "x": 49.5687141,
    "y": 831.7999,
    "width": 273.4375,
    "height": 225.78125
  },
  "_a_0_1105": {
    "x": 51.7781258,
    "y": 841.199951,
    "width": 274.21875,
    "height": 239.0625
  },
  "_a_0_1107": {
    "x": 57.61559,
    "y": 834.0999,
    "width": 277.34375,
    "height": 221.09375
  },
  "_a_0_1109": {
    "x": 57.2999763,
    "y": 838.399963,
    "width": 284.375,
    "height": 264.0625
  },
  "_a_0_1111": {
    "x": 57.6124763,
    "y": 833.499939,
    "width": 268.75,
    "height": 247.65625
  }
}