{
  "_a_0_749": {
    "x": 0.0,
    "y": 0.0,
    "width": 1079.40125,
    "height": 2841.40625
  },
  "_a_0_751": {
    "x": 49.19,
    "y": 8.5,
    "width": 981.020752,
    "height": 2825.78125
  },
  "_a_0_783": {
    "x": 17.0,
    "y": 1117.0,
    "width": 250.0,
    "height": 204.6875
  },
  "_a_0_785": {
    "x": 17.9093628,
    "y": 1119.6,
    "width": 250.78125,
    "height": 195.3125
  },
  "_a_0_788": {
    "x": -1.04376221,
    "y": 1107.4,
    "width": 279.6875,
    "height": 212.5
  },
  "_a_0_790": {
    "x": -1.13433838,
    "y": 1113.2,
    "width": 280.46875,
    "height": 199.21875
  },
  "_a_0_792": {
    "x": 22.6469116,
    "y": 1115.6,
    "width": 253.90625,
    "height": 221.09375
  },
  "_a_0_794": {
    "x": 24.328125,
    "y": 1101.2,
    "width": 252.34375,
    "height": 253.90625
  },
  "_a_0_796": {
    "x": 19.4656372,
    "y": 1108.6,
    "width": 255.46875,
    "height": 215.625
  },
  "_a_0_798": {
    "x": 17.0094,
    "y": 1116.4,
    "width": 250.78125,
    "height": 195.3125
  },
  "_a_0_780": {
    "x": -8.1875,
    "y": 1136.7,
    "width": 284.375,
    "height": 117.1875
  }
}